{
  "fft": 1024,
  "hop_size": 64,
  "mean": -58.91554956975214,
  "mels": 128,
  "sr": 32000,
  "std": 20.04786249659515
}
